"ID";"BANKNAME";"BIC_CODE";"CERTIS";"CITY";"COMPLETEADDRESSTOAGREEMENT";"CRMDESC";"DIRECTDEBIT";"EXTRACTTRANSVALID";"JERRYRELEVANT";"MOBILITABANKA_GTI";"MOBILITABANKA_GTI_AJ";"MOBILITACERTIS";"MOBILITACITY";"MOBILITADEPARTMENT";"MOBILITAEMAIL";"MOBILITASTREETCOMBINED";"MOBILITAZIPCODE";"OHYPOORDER";"P360";"REGISTRATIONNUMBER";"STAT";"STREETCOMBINED";"VALUE";"ZIPCODE";"ENTRYORDER";"VALIDFROM";"VALIDTO"
"0100";"Komerèní banka, a.s.";"KOMBCZPP";"1";"Praha 1";"Komerèní banka, a.s., se sídlem: Na Pøíkopì 33 èp. 969, Praha 1, PSÈ 114 07, IÈ 45317054";"Komerèní banka";"1";"1";"1";"Komerèní banky";"Komerèní banka";"1";"Praha 1";"CKB 4012 DIST Middle office";"mompss@kb.cz";"P.O.BOX 839";"114 07";"33";"Y";"45317054";"Èeská republika";"Na Pøíkopì 33 èp. 969";"0100 Komerèní banka, a.s.";"114 07";"1";"000101";"000101"
"0300";"Èeskoslovenská obchodní banka, a.s.";"CEKOCZPP";"1";"Praha 5";"Èeskoslovenská obchodní banka, a.s., se sídlem: Radlická 333/150, Praha 5, PSÈ 150 57, IÈ 00001350";"ÈSOB";"1";"1";"1";"ÈSOB";"ÈSOB";"1";"Hradec Králové";"Tuzemské operace - mobilita";"zmenabanky@csob.cz";"Akademika Bedrny 365/10";"500 03";"20";"Y";"00001350";"Èeská republika";"Radlická 333/150";"0300 Èeskoslovenská obchodní banka, a.s.";"150 57";"2";"000101";"000101"
"0600";"MONETA Money Bank, a. s.";"AGBACZPP";"1";"Praha 4 - Michle";"MONETA Money Bank, a. s., se sídlem: Vyskoèilova 1422/1b, Praha 4 - Michle, PSÈ 140 28, IÈ 25672720";"GE Money Bank";"1";"1";"1";"Monety";"Moneta";"1";"Ostrava";"Bankovní BO";"switching@moneta.cz";"Na Rovince 871";"720 00";"28";"Y";"25672720";"Èeská republika";"Vyskoèilova 1422/1b";"0600 MONETA Money Bank, a. s.";"140 28";"3";"000101";"000101"
"0710";"Èeská národní banka";"CNBACZPP";"1";"Praha 1";"Èeská národní banka , se sídlem: Na Pøíkopì 28, Praha 1, PSÈ 115 03";;"1";"0";"0";"Èeské národní banky";"Èeská národní banka";;"Praha 1";"Mobilita klientù";;"Na Pøíkopì 28";"115 03";"16";"Y";"48136450";"Èeská republika";"Na Pøíkopì 28";"0710 Èeská národní banka";"115 03";"4";"000101";"000101"
"0800";"Èeská spoøitelna, a.s.";"GIBACZPX";"1";"Praha 4";"Èeská spoøitelna, a.s., se sídlem: Olbrachtova 1929/62, Praha 4, PSÈ 140 00, IÈ 45244782";"Èeská spoøitelna";"1";"1";"0";"Èeské spoøitelny";"Èeská spoøitelna";"1";"Nový Jièín";"CEN 8510 Správa úètù";;"©tefánikova 2115/13";"741 01";"17";"Y";"45244782";"Èeská republika";"Olbrachtova 1929/62";"0800 Èeská spoøitelna, a.s.";"140 00";"5";"000101";"000101"
"2010";"Fio banka, a.s.";"FIOBCZPP";"1";"Praha 1";"Fio banka, a.s., se sídlem: V Celnici 1028/10, Praha 1, PSÈ 117 21, IÈ 61858374";"Fio banka";"1";"1";"1";"Fio banky";"Fio banka";"1";"Praha 1";"Mobilita klientù";"mobilita@fio.cz";"V Celnici 1028/10";"117 21";"27";"Y";"61858374";"Èeská republika";"V Celnici 1028/10";"2010 Fio banka, a.s.";"117 21";"6";"000101";"000101"
"2020";"MUFG Bank (Europe) N.V. Prague Branch";"BOTKCZPP";;"Praha 5";"Bank of Tokyo-Mitsubishi UFJ (Holland) N.V. Prague Branch, organizaèní slo¾ka, se sídlem: Klicperova 3208/12, Praha 5, PSÈ 150 00, IÈ 27427901";"Bank of Tokyo-Mitsubishi UFJ";"1";"0";"0";"MUFG Bank";"MUFG Bank";;"Praha 5";"Mobilita klientù";;"Klicperova 3208/12";"150 00";"8";;"27427901";"Èeská republika";"Klicperova 3208/12";"2020 MUFG Bank (Europe) N.V. Prague Branch";"150 00";"7";"000101";"000101"
"2030";"Èeskoslovenské úvìrní dru¾stvo";;;"Hradec Králové";"Èeskoslovenské úvìrní dru¾stvo, se sídlem: Goèárova tøída 312, Hradec Králové, PSÈ 500 02, IÈ 64946851";;"0";"0";"0";"Èeskoslovenského úvìrního dru¾stva";"Èeskoslovenské úvìrní dru¾stvo";;"Hradec Králové";"Mobilita klientù";;"Goèárova tøída 312";"500 02";"2";;"64946851";"Èeská republika";"Goèárova tøída 312";"2030 Èeskoslovenské úvìrní dru¾stvo";"500 02";"8";"000101";"000101"
"2050";"WPB Capital, spoøitelní dru¾stvo";;;"Praha 1";"WPB Capital, spoøitelní dru¾stvo, se sídlem: Jeruzalémská 1321/2, Praha 1, PSÈ 110 00, IÈ 25780450";;"0";"0";"0";"WPB Capital";"WPB Capital";;"Praha 1";"Mobilita klientù";;"Jeruzalémská 1321/2";"110 00";"56";;"25780450";"Èeská republika";"Jeruzalémská 1321/2";"2050 WPB Capital, spoøitelní dru¾stvo";"110 00";"9";"000101";"000101"
"2060";"Citfin, spoøitelní dru¾stvo";"CITFCZPP";"1";"Praha 5";"Citfin, spoøitelní dru¾stvo, se sídlem: Radlická 751/113e, Praha 5, PSÈ 158 00, IÈ 25783301";;"1";"0";"0";"Citfin";"Citfin";"1";"Praha 5";"Mobilita klientù";"backoffice@citfin.cz";"Radlická 751/113e";"158 00";"11";;"25783301";"Èeská republika";"Radlická 751/113e";"2060 Citfin, spoøitelní dru¾stvo";"158 00";"10";"000101";"000101"
"2070";"TRINITY BANK a.s.";"MPUBCZPP";"1";"Praha-Nové Mìsto";"TRINITY BANK a.s., se sídlem: Senová¾né námìstí 1375/19, Praha-Nové Mìsto, PSÈ 110 00, IÈ 25307835";;"1";"0";"1";"TRINITY BANK";"TRINITY BANK";"1";"Praha-Nové Mìsto";"Mobilita klientù";"centrala@mpu.cz";"Senová¾né námìstí 1375/19";"110 00";"37";;"25307835";"Èeská republika";"Senová¾né námìstí 1375/19";"2070 TRINITY BANK a.s.";"110 00";"11";"000101";"000101"
"2100";"Hypoteèní banka, a.s.";;"1";"Praha 5";"Hypoteèní banka, a.s., se sídlem: Radlická 333/150, Praha 5, PSÈ 150 57, IÈ 13584324";"Hypoteèní banka";"1";"1";"0";"Hypoteèní banky";"Hypoteèní banka";;"Praha 5";"Mobilita klientù";;"Radlická 333/150";"150 57";"30";;"13584324";"Èeská republika";"Radlická 333/150";"2100 Hypoteèní banka, a.s.";"150 57";"12";"000101";"000101"
"2200";"Penì¾ní dùm, spoøitelní dru¾stvo";;"1";"Uherské Hradi¹tì";"Penì¾ní dùm, spoøitelní dru¾stvo, se sídlem: Havlíèkova 1221, Uherské Hradi¹tì, PSÈ 686 01, IÈ 64508889";;"1";"0";"0";"Penì¾ního domu";"Penì¾ní dùm";"1";"Uherské Hradi¹tì";"Mobilita klientù";"info@peneznidum.cz";"Havlíèkova 1221";"686 01";"40";;"64508889";"Èeská republika";"Havlíèkova 1221";"2200 Penì¾ní dùm, spoøitelní dru¾stvo";"686 01";"13";"000101";"000101"
"2210";"ERB bank, a.s., v likvidaci";"FICHCZPP";;"Praha 5";"ERB bank, a.s. , se sídlem: ©tefánikova 78/50, Praha 5, PSÈ 150 00, IÈ 28428943";"Evropsko-ruská banka";"0";"0";"0";"ERB bank";"ERB bank";;"Praha 5";"Mobilita klientù";;"©tefánikova 78/50";"150 00";"25";;"28428943";"Èeská republika";"©tefánikova 78/50";"2210 ERB bank, a.s., v likvidaci";"150 00";"14";"000101";"000101"
"2220";"Artesa, spoøitelní dru¾stvo";"ARTTCZPP";"1";"Praha 1";"Artesa, spoøitelní dru¾stvo, se sídlem: Politických vìzòù 1272/21, Praha 1, PSÈ 110 00, IÈ 25778722";;"0";"0";"0";"Artexy";"Artesa";"1";"Praha 1";"Mobilita klientù";;"Politických vìzòù 1272/21";"110 00";"4";;"25778722";"Èeská republika";"Politických vìzòù 1272/21";"2220 Artesa, spoøitelní dru¾stvo";"110 00";"15";"000101";"000101"
"2230";"AXA Bank Europe, organizaèní slo¾ka";;;"Praha 2";"AXA Bank Europe, organizaèní slo¾ka, se sídlem: Lazarská 13/8, Praha 2, PSÈ 120 00, IÈ 28924410";"AXA Bank Europe";"1";"0";"1";"AXA Bank Europe";"AXA Bank Europe";;"Praha 2";"Mobilita klientù";;"Lazarská 13/8";"120 00";"5";;"28924410";"Èeská republika";"Lazarská 13/8";"2230 AXA Bank Europe, organizaèní slo¾ka";"120 00";"16";"000101";"000101"
"2240";"Po¹tová banka, a.s., poboèka Èeská republika";"POBNCZPP";;"Praha 8";"Po¹tová banka, a.s., poboèka Èeská republika, se sídlem: Sokolovská 17, Praha 8, PSÈ 186 00, IÈ 28992610";"Po¹tová banka";"1";"1";"0";"Po¹tové banky";"Po¹tová banka";;"Praha 8";"Mobilita klientù";;"Sokolovská 17";"186 00";"42";;"28992610";"Èeská republika";"Sokolovská 17";"2240 Po¹tová banka, a.s., poboèka Èeská republika";"186 00";"17";"000101";"000101"
"2250";"Banka CREDITAS a.s";"CTASCZ22";"1";"Olomouc";"Banka CREDITAS a.s, se sídlem: tø. Svobody 1194/12, Olomouc, PSÈ 779 00, IÈ 63492555";;"1";"1";"1";"Banky CREDITAS";"Banka CREDITAS";"1";"Olomouc";"Mobilita klientù";;"tø. Svobody 1194/12";"779 00";"59";;"63492555";"Èeská republika";"tø. Svobody 1194/12";"2250 Banka CREDITAS a.s";"779 00";"18";"000101";"000101"
"2260";"NEY spoøitelní dru¾stvo";;"1";"Praha 8";"NEY spoøitelní dru¾stvo, se sídlem: Rohanské nábøe¾í 671/15, Praha 8, PSÈ 186 00, IÈ 26137755";;"0";"0";"0";"NEYho spoøitelního dru¾stva";"NEY spoøitelní dru¾stvo";"1";"Praha 8";"Mobilita klientù";;"Rohanské nábøe¾í 671/15";"186 00";"3";;"26137755";"Èeská republika";"Rohanské nábøe¾í 671/15";"2260 NEY spoøitelní dru¾stvo";"186 00";"19";"000101";"000101"
"2275";"Podnikatelská dru¾stevní zálo¾na";;;"Praha 1, Staré Mìsto";"Podnikatelská dru¾stevní zálo¾na, se sídlem Celetná 595/17, Praha 1, Staré Mìsto, PSÈ 110 00, IÈ 63083868";;"0";"0";"0";"Podnikatelské dru¾stevní zálo¾ny";"Podnikatelská dru¾stevní zálo¾na";;"Praha 1, Staré Mìsto";"Mobilita klientù";;"Celetná 595/17";"110 00";;;"63083868";"Èeská republika";"Celetná 595/17";"2275 Podnikatelská dru¾stevní zálo¾na";"110 00";"62";"000101";"000101"
"2310";"ZUNO BANK AG, organizaèní slo¾ka";;;"Praha 4";"ZUNO BANK AG, sídlo: 1190 Vídeò, Muthgasse 26, Rakouská republika, registraèní èíslo: 9243402, zapsaná v rejstøíku vedeném Obchodním soudem ve Vídni pod FN 326454 f, jednající prostøednictvím ZUNO BANK AG, organizaèní slo¾ka, sídlo: Hvìzdova 1716/2b, 140 00 Praha 4, IÈO: 24726389";"ZUNO banka";"1";"1";"0";"ZUNO BANK";"ZUNO BANK";;"Praha 4";"Mobilita klientù";;"Hvìzdova 1716/2b";"140 00";"60";;"24726389";"Èeská republika";"Hvìzdova 1716/2b";"2310 ZUNO BANK AG, organizaèní slo¾ka";"140 00";"20";"000101";"000101"
"2600";"Citibank EUROPE plc, organizaèní slo¾ka";"CITICZPX";"1";"Praha 5-Stodùlky";"Citibank Europe plc, sídlo: Dublin, North Wall Quay 1, Irsko, registrovaná v rejstøíku spoleèností v Irské republice, pod èíslem 132781, jednající prostøednictvím Citibank Europe plc, organizaèní slo¾ka, sídlo: Praha 5, Bucharova 2641/14, PSÈ 158 02, IÈO: 28198131";"Citibank";"1";"1";"1";"Citibank EUROPE";"Citibank EUROPE";;"Praha 5-Stodùlky";"Customer Service";"switching@citi.com";"Bucharova 2641/14";"158 02";"12";;"28198131";"Èeská republika";"Bucharova 2641/14";"2600 Citibank EUROPE plc, organizaèní slo¾ka";"158 02";"21";"000101";"000101"
"2700";"UniCredit Bank Czech Republic and Slovakia, a.s.";"BACXCZPP";"1";"Praha 4 - Michle";"UniCredit Bank Czech Republic and Slovakia, a.s., se sídlem: ®eletavská 1525/1, Praha 4, PSÈ 140 92, IÈ 64948242";"UniCredit Bank";"1";"1";"1";"UniCredit Bank";"UniCredit Bank";"1";"Praha 4 - Michle";"Competence Center Accounts CZ BB Centrum, Budova FILADELFIE";"UCBP.Mobilita.ubis@uunicredit.eu";"®eletavská 1525/1";"140 92";"52";;"64948242";"Èeská republika";"®eletavská 1525/1";"2700 UniCredit Bank Czech Republic and Slovakia, a.s.";"140 92";"22";"000101";"000101"
"3020";"MEINL BANK Aktiengesellschaft, poboèka Praha";;;"Praha 1";"MEINL BANK Aktiengesellschaft, poboèka Praha, se sídlem: Letenská 121/8, PSÈ 118 00, IÈ 24279013";;"0";"0";"0";"MEINL BANK";"MEINL BANK";;"Praha 1";"Mobilita klientù";;"Letenská 121/8";"118 00";"35";;"24279013";"Èeská republika";"Letenská 121/8";"3020 MEINL BANK Aktiengesellschaft, poboèka Praha";"118 00";"23";"000101";"000101"
"3030";"Air Bank a.s.";"AIRACZPP";"1";"Praha 6";"Air Bank a.s., se sídlem: Evropská 2690/17, Praha 6, PSÈ 160 00, IÈ 29045371";"Air Bank";"1";"1";"1";"Air Bank";"Air Bank";"1";"Praha 6";"Správa klientských úètù";"mobilita@airbank.cz";"Evropská 2690/17";"160 00";"1";"Y";"29045371";"Èeská republika";"Evropská 2690/17";"3030 Air Bank a.s.";"160 00";"24";"000101";"000101"
"3050";"BNP Paribas Personal Finance SA, od¹tìpný závod";"BPPFCZP1";"1";"Praha 5";"BNP Paribas Personal Finance SA, od¹tìpný závod, se sídlem: Karla Engli¹e 3208/5, Praha 5, PSÈ 150 00, IÈ 03814742";;"1";"1";"0";"BNP Paribas";"BNP Paribas";"1";"Praha 5";"Mobilita klientù";;"Karla Engli¹e 3208/5";"150 00";"10";;"03814742";"Èeská republika";"Karla Engli¹e 3208/5";"3050 BNP Paribas Personal Finance SA, od¹tìpný závod";"150 00";"25";"000101";"000101"
"3060";"PKO BP S.A., Czech Branch";"BPKOCZPP";"1";"Praha 1";"PKO BP S.A., Czech Branch, se sídlem Klimentská 1216/46, PRAHA 1 - NOVÉ MÌSTO, PSÈ 110 00, IÈ: 05658446";;"0";"0";"1";"PKO BP";"PKO BP";;"Praha 1";"Mobilita klientù";;"Klimentská 1216/46";"110 00";"41";;"05658446";"Èeská republika";"Klimentská 1216/46";"3060 PKO BP S.A., Czech Branch";"110 00";"26";"000101";"000101"
"3500";"ING Bank N.V.";"INGBCZPP";"1";"Praha 9";"ING Bank N.V., sídlo: 1102MG Amsterdam, Bijlmerplein 888 , Nizozemské království, registraèní èíslo: 33031431, jednající prostøednictvím od¹tìpného závodu zahranièní právnické osoby s oznaèením ING Bank N.V., sídlo: Praha 9, Èeskomoravská 2420/15, PSÈ 190 00, IÈO: 49279866";"ING Bank";"1";"1";"1";"ING Bank";"ING Bank";"1";"Praha 9";"Front Office Support";;"Èeskomoravská 2420/15";"190 00";"31";;"49279866";"Èeská republika";"Èeskomoravská 2420/15";"3500 ING Bank N.V.";"190 00";"27";"000101";"000101"
"4000";"Max banka a.s.";"EXPNCZPP";"1";"Praha 4";"Max banka a.s., se sídlem: Na str¾i 2097/63, Praha 4, PSÈ 140 00, IÈ 14893649";"LBBW Bank CZ";"1";"1";"1";"Max banka";"Max banka";"1";"Praha 4";"Oddìlení Business Support";"mobilita@expobank.cz";"Na str¾i 63";"140 00";"26";;"14893649";"Èeská republika";"Na str¾i 2097/63";"4000 Max banka a.s.";"140 00";"28";"000101";"000101"
"4300";"Národní rozvojová banka, a.s.";"CMZRCZP1";"1";"Praha 1";"Národní rozvojová banka, a.s., se sídlem: Jeruzalémská 964/4, Praha 1, PSÈ 110 00, IÈ 44848943";;"1";"0";"0";"Národní rozvojová banka, a.s.";"Národní rozvojová banka, a.s.";;"Praha 1";"Odbor financování";;"Jeruzalémská 964/4";"110 00";"19";;"44848943";"Èeská republika";"Jeruzalémská 964/4";"4300 Národní rozvojová banka, a.s.";"110 00";"29";"000101";"000101"
"5000";"Crédit Agricole Corporate and Investment Bank S.A. Prague, organizaèní slo¾ka";"CRLYCZPP";;"Praha 1";"Crédit Agricole Corporate and Investment Bank S.A. Prague, organizaèní slo¾ka, se sídlem: Ovocný trh 8, Praha 1, PSÈ 117 19, IÈ 27391639";"Crédit Agricole Corp.Inv.Bank";"0";"0";"1";"Crédit Agricole Corporate and Investment Bank";"Crédit Agricole Corporate and Investment Bank";;"Praha 1";"Mobilita klientù";;"Ovocný trh 8";"117 19";"14";;"27391639";"Èeská republika";"Ovocný trh 8";"5000 Crédit Agricole Corporate and Investment Bank S.A. Prague, organizaèní slo¾ka";"117 19";"30";"000101";"000101"
"5400";"The Royal Bank of Scotland plc, organizaèní slo¾ka";;;"Praha 1-Nové Mìsto";"The Royal Bank of Scotland plc, organizaèní slo¾ka, se sídlem: Jungmannova 745/24, Praha 1-Nové Mìsto, PSÈ 111 21, IÈ 47607921";"The Royal Bank of Scotland";"0";"0";"1";"The Royal Bank of Scotland";"The Royal Bank of Scotland";;"Brno";"Oddìlení slu¾eb zákazníkùm";;"Hilleho 6";"602 00";"51";;"47607921";"Èeská republika";"Jungmannova 745/24";"5400 The Royal Bank of Scotland plc, organizaèní slo¾ka";"111 21";"31";"000101";"000101"
"5500";"Raiffeisenbank, a.s.";"RZBCCZPP";"1";"Praha 4";"Raiffeisenbank, a.s. , se sídlem: Hvìzdova 1716/2b, Praha 4, PSÈ 140 78, IÈ 49240901";"Raiffeisenbank";"1";"1";"1";"Raiffeisenbank";"Raiffeisenbank";"1";"Olomouc";"Mobilita klientù";"mobilita@rb.cz";"Tøída Kosmonautù 1082/29";"779 00";"47";"Y";"49240901";"Èeská republika";"Hvìzdova 1716/2b";"5500 Raiffeisenbank, a.s.";"140 78";"32";"000101";"000101"
"5800";"J&T Banka, a.s.";"JTBPCZPP";"1";"Praha 8";"J & T Banka, a.s. , se sídlem: Pobøe¾ní 297/14, Praha 8, PSÈ 186 00, IÈ 47115378";"J&T Banka";"1";"1";"1";"J & T Banky";"J & T Banka";"1";"Praha 8";"Odbor bankovního provozu";"obp@jtbank.cz";"Pobøe¾ní 297/14";"186 00";"32";;"47115378";"Èeská republika";"Pobøe¾ní 297/14";"5800 J&T Banka, a.s.";"186 00";"33";"000101";"000101"
"6000";"PPF banka, a.s.";"PMBPCZPP";"1";"Praha 6";"PPF banka, a.s. , se sídlem: Evropská 2690/17, Praha 6, PSÈ 160 41, IÈ 47116129";"PPF banka";"1";"1";"1";"PPF banky";"PPF banka";"1";"Praha 4";"Office Park Kavèí hory";"Info.service@ppfbanka.cz";"Na Høebenech II 1718/10";"147 00";"43";;"47116129";"Èeská republika";"Evropská 2690/17";"6000 PPF banka, a.s.";"160 41";"34";"000101";"000101"
"6100";"Raiffeisenbank, a.s. (døíve Equa bank)";"EQBKCZPP";"1";"Praha 4";"Raiffeisenbank, a.s. , se sídlem: Hvìzdova 1716/2b, Praha 4, PSÈ 140 78, IÈ 49240901";"Raiffeisenbank";"1";"1";"1";"Raiffeisenbank, a.s. (døíve Equa bank)";"Raiffeisenbank (døíve Equa bank)";"1";"Praha 4";"Back Office";"mobilita@equabank.cz";"Hvìzdova 1716/2b";"140 78";"24";;"49240901";"Èeská republika";"Hvìzdova 1716/2b";"6100  Raiffeisenbank, a.s. (døíve Equa bank)";"140 78";"35";"000101";"000101"
"6200";"COMMERZBANK Aktiengesellschaft, poboèka Praha";"COBACZPX";"1";"Praha 2";"COMMERZBANK Aktiengesellschaft, sídlo: Frankfurt am Main, Spolková republika Nìmecko, zapsaná v obchodním rejstøíku: Amtsgericht Frankfurt am Main, HR B 32000, jednající prostøednictvím COMMERZBANK Aktiengesellschaft, poboèka Praha, sídlo: Praha 2, Jugoslávská 1, PSÈ 120 21, IÈO: 47610921";"COMMERZBANK";"1";"1";"1";"COMMERZBANK";"COMMERZBANK";;"Praha 2";"Mobilita klientù";;"Jugoslávská 1";"120 21";"13";;"47610921";"Èeská republika";"Jugoslávská 1";"6200 COMMERZBANK Aktiengesellschaft, poboèka Praha";"120 21";"36";"000101";"000101"
"6210";"mBank S.A., organizaèní slo¾ka";"BREXCZPP";"1";"Praha 8-Karlín";"mBank S.A., sídlo: Warszawa, Senatorska 18, PSÈ 00 950, Polská republika, zapsaná ve Vnitrostátním soudním rejstøíku, s è. zápisu 0000025237, a identifikaèním èíslem - REGON 001254524, jednající prostøednictvím mBank S.A., organizaèní slo¾ka , sídlo: Praha 8, Sokolovská 668/136d, PSÈ 186 00  IÈO: 27943445";"mBanka";"1";"1";"1";"mBank";"mBank";"1";"Praha 8-Karlín";"Mobilita klientù";"mobilita@mbank.cz";"Pernerova 691/42";"186 00";"34";;"27943445";"Èeská republika";"Pernerova 691/42";"6210 mBank S.A., organizaèní slo¾ka";"186 00";"37";"000101";"000101"
"6300";"BNP Paribas S.A., poboèka Èeská republika";"GEBACZPP";"1";"Praha 1";"BNP Paribas S.A., poboèka ÈR, se sídlem: Ovocný trh 1096/8, Praha 1, PSÈ 117 19 , IÈ 27362329";"Fortis Bank SA/NV";"1";"1";"1";"BNP Paribas";"BNP Paribas";;"Praha 1";"Mobilita klientù";;"Ovocný trh 1096/8";"117 19";"9";;"27362329";"Èeská republika";"Ovocný trh 1096/8";"6300 BNP Paribas S.A., poboèka Èeská republika";"117 19";"38";"000101";"000101"
"6700";"V¹eobecná úverová banka a.s., poboèka Praha, zkrácenì: VUB, a.s., poboèka Praha";"SUBACZPP";"1";"Praha 8";"V¹eobecná úverová banka a.s., poboèka Praha, zkrácenì: VUB, a.s., poboèka Praha, se sídlem: Pobøe¾ní 3, Praha 8, PSÈ 186 00 , IÈ 48550019";"V¹eobecná úverová banka";"1";"0";"1";"V¹eobecné úvìrové banky";"V¹eobecná úverová banka";"1";"Praha 8";"Mobilita klientù";;"Pobøe¾ní 3";"186 00";"54";;"48550019";"Èeská republika";"Pobøe¾ní 3";"6700 V¹eobecná úverová banka a.s., poboèka Praha, zkrácenì: VUB, a.s., poboèka Praha";"186 00";"39";"000101";"000101"
"6800";"Sberbank CZ, a.s. v likvidaci";"VBOECZ2X";"1";"Praha 5";"Sberbank CZ, a.s., se sídlem: U Trezorky 921/2, Praha 5, PSÈ 158 00, IÈ 25083325";"Sberbank";"1";"1";"1";"Sberbank CZ";"Sberbank CZ";"1";"Brno";"Account Administration";"mobilita@sberbankcz.cz";"Her¹pická 5";"658 26";"49";;"25083325";"Èeská republika";"U Trezorky 921/2";"6800 Sberbank CZ, a.s. v likvidaci";"158 00";"40";"000101";"000101"
"7910";"Deutsche Bank Aktiengesellschaft Filiale Prag, organizaèní slo¾ka";"DEUTCZPX";"1";"Praha 1";"Deutsche Bank Aktiengesellschaft Filiale Prag, organizaèní slo¾ka, se sídlem: Jungmannova è.or. 34/ 750, Praha 1, PSÈ 110 00 , IÈ 60433566";"Deutsche Bank";"1";"1";"1";"Deutsche Bank";"Deutsche Bank";;"Praha 1";"Mobilita klientù";;"Jungmannova è.or. 34/ 750";"110 00";"21";;"60433566";"Èeská republika";"Jungmannova è.or. 34/ 750";"7910 Deutsche Bank Aktiengesellschaft Filiale Prag, organizaèní slo¾ka";"110 00";"41";"000101";"000101"
"7940";"Waldviertler Sparkasse Bank AG";;;"Jindøichùv Hradec";"Waldviertler Sparkasse Bank AG, sídlo: 3910 Zwettl, Sparkassenplatz 3, Rakouská republika, registraèní èíslo: FN 36924 a, jednající prostøednictvím od¹tìpného závodu zahranièní právnické osoby s oznaèením Waldviertler Sparkasse AG, sídlo: Jindøichùv Hradec, Klá¹terská 126/II, PSÈ 377 01, IÈO: 49060724";"Waldviertler Sparkas.von 1842";;"0";"0";"Waldviertler Sparkasse Bank";"Waldviertler Sparkasse Bank";;"Jindøichùv Hradec";"Backoffice pro pasivní oblast";"mobilita@wspk.cz";"Klá¹terská 126/II";"377 01";"55";;"49060724";"Èeská republika";"Klá¹terská 126/II";"7940 Waldviertler Sparkasse Bank AG";"377 01";"42";"000101";"000101"
"7950";"Raiffeisen stavební spoøitelna, a.s.";;"1";"Praha 4";"Raiffeisen stavební spoøitelna, a.s. , se sídlem: Hvìzdova 1716/2b, Praha 4, PSÈ 140 78 , IÈ 49241257";;"0";"1";"0";"Raiffeisen stavební spoøitelny";"Raiffeisen stavební spoøitelna";;"Praha 4";"Mobilita klientù";;"Hvìzdova 1716/2b";"140 78";"45";;"49241257";"Èeská republika";"Hvìzdova 1716/2b";"7950 Raiffeisen stavební spoøitelna, a.s.";"140 78";"43";"000101";"000101"
"7960";"ÈSOB Stavební spoøitelna, a.s.";;"1";"Praha 5";"ÈSOB Stavební spoøitelna, a.s. , se sídlem: Radlická 333/150, Praha 5, PSÈ 150 00, IÈ 49241397";;"1";"1";"0";"ÈSOB Stavební spoøitelna";"ÈSOB Stavební spoøitelna";;"Praha 5";"Mobilita klientù";;"Radlická 333/150";"150 00";"18";;"49241397";"Èeská republika";"Radlická 333/150";"7960 ÈSOB Stavební spoøitelna, a.s.";"150 00";"44";"000101";"000101"
"7970";"MONETA Stavební Spoøitelna, a.s.";;"1";"Praha 4";"MONETA Stavební spoøitelna, a.s., se sídlem: Vyskoèilova 1442/1b, Praha 4, PSÈ 140 00, IÈ 47115289";;"1";"1";"0";"MONETA - stavební spoøitelny";"MONETA - stavební spoøitelna";;"Praha 4";"Mobilita klientù";;"Vyskoèilova 1442/1b";"140 00";"57";;"47115289";"Èeská republika";"Vyskoèilova 1442/1b";"7970 MONETA Stavební Spoøitelna, a.s.";"140 00";"45";"000101";"000101"
"7980";"kód u¾íván pro dobìh plateb ve prospìch MONETA Money Bank, a.s. do 30. 6. 2021";;;"Praha 4";"Wüstenrot hypoteèní banka, a.s., se sídlem: Na Høebenech II 1718/8, Praha 4, PSÈ 140 23, IÈ 26747154";"Wüstenrot hypoteèní banka a.s.";"1";"1";"0";"Wüstenrot hypoteèní banky";"Wüstenrot hypoteèní banka";;"Praha 4";"Mobilita klientù";;"Na Høebenech II 1718/8";"140 23";"58";;"26747154";"Èeská republika";"Na Høebenech II 1718/8";"7980 kód u¾íván pro dobìh plateb ve prospìch MONETA Money Bank, a.s. do 30. 6. 2021";"140 23";"46";"000101";"000101"
"7990";"Modrá pyramida stavební spoøitelna, a.s.";;"1";"Praha 2";"Modrá pyramida stavební spoøitelna, a.s., se sídlem: Bìlehradská 128/222, Praha 2, PSÈ 120 21, IÈ 60192852";;"1";"1";"0";"Modré pyramidy";"Modrá pyramida";;"Praha 2";"Mobilita klientù";;"Bìlehradská 128/222";"120 21";"36";;"60192852";"Èeská republika";"Bìlehradská 128/222";"7990 Modrá pyramida stavební spoøitelna, a.s.";"120 21";"47";"000101";"000101"
"8030";"Volksbank Raiffeisenbank Nordoberpfalz eG poboèka Cheb";"GENOCZ21";"1";"Cheb";"Volksbank Raiffeisenbank Nordoberpfalz eG, sídlo: 95652 Waldsassen, Prinz Ludwig Str. 29, Spolková republika Nìmecko, jednající prostøednictvím Raiffeisenbank im Stiftland eG poboèka Cheb, od¹tìpný závod, sídlo: Cheb, Kubelíkova 4, PSÈ 350 02, IÈO: 00671126";"Raiffeisenbank im Stiftland";"1";"1";"0";"Volksbank Raiffeisenbank Nordoberpfalz";"Volksbank Raiffeisenbank Nordoberpfalz";"1";"Cheb";"Mobilita klientù";;"Kubelíkova 4";"350 02";"46";;"00671126";"Èeská republika";"Kubelíkova 4";"8030 Volksbank Raiffeisenbank Nordoberpfalz eG poboèka Cheb";"350 02";"48";"000101";"000101"
"8040";"Oberbank AG poboèka Èeská republika";"OBKLCZ2X";"1";"Èeské Budìjovice";"Oberbank AG, sídlo: A 4020 Linz, Untere Donaulände 28, Rakouská republika, zapsaná v knize firem vedené Zemským soudem Linz pod èíslem FN 79063 w, jednající prostøednictvím Oberbank AG poboèka Èeská republika, sídlo: Èeské Budìjovice, nám. Pøemysla Otakara II. 6/3, PSÈ 370 01, IÈO: 26080222";"Oberbank";"1";"1";"1";"Oberbank";"Oberbank";"1";"Èeské Budìjovice";"Mobilita klientù";"switching@oberbank.cz";"nám. Pøemysla Otakara II 6/3";"370 01";"38";;"26080222";"Èeská republika";"nám. Pøemysla Otakara II 6/3";"8040 Oberbank AG poboèka Èeská republika";"370 01";"49";"000101";"000101"
"8060";"Stavební spoøitelna Èeské spoøitelny, a.s.";;"1";"Praha 4";"Stavební spoøitelna Èeské spoøitelny, a.s., se sídlem: Antala Sta¹ka 1292/32, Praha 4, PSÈ 140 00, IÈ 60197609";;"0";"1";"0";"Stavební spoøitelny Èeské spoøitelny";"Stavební spoøitelna Èeské spoøitelny";;"Praha 4";"Mobilita klientù";;"Antala Sta¹ka 1292/32";"140 00";"50";;"60197609";"Èeská republika";"Antala Sta¹ka 1292/32";"8060 Stavební spoøitelna Èeské spoøitelny, a.s.";"140 00";"50";"000101";"000101"
"8090";"Èeská exportní banka, a.s.";"CZEECZPP";"1";"Praha 1";"Èeská exportní banka, a.s., se sídlem: Vodièkova 34/701, Praha 1, PSÈ 111 21, IÈ 63078333";;"0";"1";"0";"Èeské exportní banky";"Èeská exportní banka";;"Praha 1";"Mobilita klientù";;"Vodièkova 34/701";"111 21";"15";;"63078333";"Èeská republika";"Vodièkova 34/701";"8090 Èeská exportní banka, a.s.";"111 21";"51";"000101";"000101"
"8150";"HSBC Continental Europe, Czech Republic";"MIDLCZPP";"1";"Praha 1";"HSBC Continental Europe, Czech Republic, se sídlem: Na Florenci 2116/15, Praha 1, PSÈ 110 00, IÈ 07482728";"HSBC Bank";"1";"1";"1";"HSBC Bank";"HSBC Bank";;"Praha 1";"Kontaktní centrum (RSC) Ostrava";"cz.switching@hsbc.com";"Na Florenci 2116/15";"110 00";"29";;"07482728";"Èeská republika";"Na Florenci 2116/15";"8150 HSBC Continental Europe, Czech Republic";"110 00";"52";"000101";"000101"
"8190";"Sparkasse Oberlausitz-Niederschlesien";;"1";"Praha 1, Staré Mìsto";"Sparkasse Oberlausitz-Niederschlesien, Na pøíkopì 393/11, Praha 1, Nové Mìsto, PSÈ 110 00, IÈ 06474268";;"0";"0";"0";"Sparkasse Oberlausitz-Niederschlesien";"Sparkasse Oberlausitz-Niederschlesien";;"Praha 1, Staré Mìsto";;;"Na pøíkopì 393/11";"110 00";;;"06474268";"Èeská republika";"Na pøíkopì 393/11";"8190 Sparkasse Oberlausitz-Niederschlesien";"110 00";"78";"000101";"000101"
"8198";"FAS finance company s.r.o.";"FFCSCZP1";;"Praha 10, Vr¹ovice";"FAS finance company s.r.o., Bulharská 996/20, Praha 10, Vr¹ovice, PSÈ 101 00, IÈ 05531047";;"0";"0";"0";"FAS finance company";"FAS finance company";;"Praha 10, Vr¹ovice";;;"Bulharská 996/20";"101 00";;;"05531047";"Èeská republika";"Bulharská 996/20";"8198 FAS finance company s.r.o.";"101 00";"79";"000101";"000101"
"8199";"MoneyPolo Europe s.r.o.";"MOUSCZP2";;"Praha 13, Stodùlky";"MoneyPolo Europe s.r.o., Archeologická 2256/1, Praha 13, Stodùlky, PSÈ 155 00, IÈ 24803316";;"0";"0";"0";"MoneyPolo Europe";"MoneyPolo Europe";;"Praha 13, Stodùlky";;;"Archeologická 2256/1";"155 00";;;"24803316";"Èeská republika";"Archeologická 2256/1";"8199 MoneyPolo Europe s.r.o.";"155 00";"80";"000101";"000101"
"8200";"PRIVAT BANK der Raiffeisenlandesbank Oberösterreich Aktiengesellschaft, poboèka Èeská republika";;;"Praha 1, Staré Mìsto";"PRIVAT BANK AG der Raiffeisenlandesbank Oberösterreich, poboèka Èeská republika, se sídlem: Dlouhá 733/29, Praha 1, Staré Mìsto, PSÈ 110 00, IÈ 27184765";;"1";"0";"0";"PRIVAT BANK der Raiffeisenlandesbank Oberösterreich";"PRIVAT BANK der Raiffeisenlandesbank Oberösterreich";;"Praha 1, Staré Mìsto";"Mobilita klientù";;"Dlouhá 733/29";"110 00";"44";;"27184765";"Èeská republika";"Dlouhá 733/29";"8200 PRIVAT BANK der Raiffeisenlandesbank Oberösterreich Aktiengesellschaft, poboèka Èeská republika";"110 00";"53";"000101";"000101"
"8211";"Saxo Bank A/S, organizaèní slo¾ka";"SAXPCZP1";;"Praha 1";"Saxo Bank A/S, organizaèní slo¾ka, se sídlem: Husova 240/5, Praha 1, PSÈ 110 00, IÈ 28949587";"Saxo Bank A/S";"1";"1";"1";"Saxo Bank";"Saxo Bank";;"Praha 1";"Mobilita klientù";;"Husova 240/5";"110 00";"48";;"28949587";"Èeská republika";"Husova 240/5";"8211 Saxo Bank A/S, organizaèní slo¾ka";"110 00";"54";"000101";"000101"
"8215";"ALTERNATIVE PAYMENT SOLUTIONS, s.r.o.";;;"Praha 2, Nové Mìsto";"8215 ALTERNATIVE PAYMENT SOLUTIONS, s.r.o., Jeèná 2093/32a, Praha 2, Nové Mìsto, IÈ 05539323";;"0";"0";"0";"ALTERNATIVE PAYMENT SOLUTIONS";"ALTERNATIVE PAYMENT SOLUTIONS";;"Praha 2, Nové Mìsto";;;"Jeèná 2093/32a";"120 00";;;"05539323";"Èeská republika";"Jeèná 2093/32a";"8215 ALTERNATIVE PAYMENT SOLUTIONS, s.r.o.";"120 00";"67";"000101";"000101"
"8220";"Payment Execution s.r.o.";"PAERCZP1";;"Praha 5";"Payment Execution s.r.o., se sídlem: K Lochkovu 30/4, Praha 5, PSÈ 154 00, IÈ 02925664";;"0";"0";"0";"Payment Execution";"Payment Execution";;"Praha 5";"Mobilita klientù";;"K Lochkovu 30/4";"154 00";"39";;"02925664";"Èeská republika";"K Lochkovu 30/4";"8220 Payment Execution s.r.o.";"154 00";"55";"000101";"000101"
"8221";"Volksbank Löbau-Zittau eG, poboèka";;;"Praha 2, Vinohrady";"Volksbank Löbau-Zittau eG, jednající prostøednictvím Volksbank Löbau-Zittau eG, poboèka, sídlo: Praha 2, Americká 525/23, PSÈ 120 00, IÈO: 28742150";;"0";"0";"0";"Volksbank Löbau-Zittau";"Volksbank Löbau-Zittau";;"Praha 2, Vinohrady";"Mobilita klientù";;"Americká 525/23";"120 00";"53";;"28742150";"Èeská republika";"Americká 525/23";"8221 Volksbank Löbau-Zittau eG, poboèka";"120 00";"56";"000101";"000101"
"8225";"ORANGETRUST s.r.o.";;;"Praha 4, Nusle";"ORANGETRUST s.r.o., ©tìtkova 1001/5, Praha 4, Nusle,  PSÈ 140 00, IÈ 05422248";;"0";"0";"0";"ORANGETRUST";"ORANGETRUST";;"Praha 4, Nusle";;;"©tìtkova 1001/5";"140 00";;;"05422248";"Èeská republika";"©tìtkova 1001/5";"8225 ORANGETRUST s.r.o.";"140 00";"68";"000101";"000101"
"8230";"ABAPAY s.r.o.";;;"Praha 1";"ABAPAY s.r.o., se sídlem: Revoluèní 762/13, Praha 1, PSÈ 110 00, IÈ 29415152";;"0";"0";"0";"ABAPAY";"ABAPAY";;"Praha 1";"Mobilita klientù";;"Revoluèní 762/13";"110 00";"23";;"29415152";"Èeská republika";"Revoluèní 762/13";"8230 ABAPAY s.r.o.";"110 00";"57";"000101";"000101"
"8231";"Bank Gutmann Aktiengesellschaft, poboèka Èeská republika";;;"Praha 1";"Bank Gutmann Aktiengesellschaft, poboèka Èeská republika, se sídlem: Václavské námìstí 19, Praha 1, PSÈ 110 00, IÈ 24131768";"Bank Gutmann";"0";"0";"0";"Bank Gutmann Aktiengesellschaft";"Bank Gutmann Aktiengesellschaft";;"Praha 1";"Mobilita klientù";;"Václavské námìstí 19";"110 00";"6";;"24131768";"Èeská republika";"Václavské námìstí 19";"8231 Bank Gutmann Aktiengesellschaft, poboèka Èeská republika";"110 00";"58";"000101";"000101"
"8240";"Dru¾stevní zálo¾na Kredit, v likvidaci";;;"Praha 1";"Dru¾stevní zálo¾na Kredit, se sídlem: V celnici 1028/10, Praha 1, PSÈ 117 21, IÈ 64946649";;"0";"0";"0";"Dru¾stevní zálo¾ny Kredit, v likvidaci";"Dru¾stevní zálo¾na Kredit, v likvidaci";;"Praha 1";"Mobilita klientù";;"V celnici 1028/10";"117 21";"22";;"64946649";"Èeská republika";"V celnici 1028/10";"8240 Dru¾stevní zálo¾na Kredit, v likvidaci";"117 21";"59";"000101";"000101"
"8250";"Bank of China (CEE) Ltd. Prague Branch";"BKCHCZPP";"1";"Praha 1, Nové Mìsto";"Bank of China (CEE) Ltd. Prague Branch, se sídlem: Na Florenci 2116/15, Praha 1, Nové Mìsto, PSÈ 110 00, IÈ 04253434";;"0";"0";"1";"Bank of China";"Bank of China";;"Praha 1, Nové Mìsto";"Mobilita klientù";;"Na Florenci 2116/15";"110 00";"7";;"04253434";"Èeská republika";"Na Florenci 2116/15";"8250 Bank of China (CEE) Ltd. Prague Branch";"110 00";"60";"000101";"000101"
"8255";"Bank of Communications Co., Ltd., Prague Branch od¹tìpný závod";"COMMCZPP";"1";"Praha 8, Karlín";"Bank of Communications Co., Ltd., Prague Branch od¹tìpný závod, Rohanské nábøe¾í 693/10, Praha 8, Karlín, PSÈ 186 00, IÈ 07662645";;"0";"0";"1";"Bank of Communications";"Bank of Communications";;"Praha 8, Karlín";;;"Rohanské nábøe¾í 693/10";"186 00";;;"07662645";"Èeská republika";"Rohanské nábøe¾í 693/10";"8255 Bank of Communications Co., Ltd., Prague Branch od¹tìpný závod";"186 00";"77";"000101";"000101"
"8260";"PAYMASTER a.s.";;;"Praha 4, Nusle";"PAYMASTER a.s., Na Pankráci 1003/53, Praha 4, Nusle,  PSÈ 140 00, IÈ 05690382";;"0";"0";"0";"PAYMASTER";"PAYMASTER";;"Praha 4, Nusle";;;"Na Pankráci 1003/53";"140 00";;;"05690382";"Èeská republika";"Na Pankráci 1003/53";"8260 PAYMASTER a.s.";"140 00";"63";"000101";"000101"
"8265";"Industrial and Commercial Bank of China Limited Prague Branch od¹tìpný závod";"ICBKCZPP";"1";"Praha 4, Nusle";"Industrial and Commercial Bank of China Limited Prague Branch od¹tìpný závod se sídlem: Na str¾i 1702/65, Praha 4, Nusle,  PSÈ 140 00, IÈ 05638216";;"0";"0";"1";"Industrial and Commercial Bank of China";"Industrial and Commercial Bank of China";;"Praha 4, Nusle";;;"Na str¾i 1702/65";"140 00";;;"05638216";"Èeská republika";"Na str¾i 1702/65";"8265 Industrial and Commercial Bank of China Limited Prague Branch od¹tìpný závod";"140 00";"61";"000101";"000101"
"8270";"Fairplay Pay s.r.o.";"FAPOCZP1";;"Praha 1, Staré Mìsto";"Fairplay Pay s.r.o., Revoluèní 762/13, Praha 1, Staré Mìsto, PSÈ 110 00, IÈ 05371775";;"0";"0";"0";"Fairplay Pay";"Fairplay Pay";;"Praha 1, Staré Mìsto";;;"Revoluèní 762/13";"110 00";;;"05371775";"Èeská republika";"Revoluèní 762/13";"8270 Fairplay Pay s.r.o.";"110 00";"64";"000101";"000101"
"8272";"VIVA PAYMENT SERVICES S.A. od¹tìpný závod";"VPAYCZP2";;"Praha 7, Hole¹ovice";"VIVA PAYMENT SERVICES S.A. od¹tìpný závod, Dìlnická 213/12, Praha 7, Hole¹ovice, PSÈ 170 00, IÈ 09003525";;"0";"0";"0";"VIVA PAYMENT SERVICES";"VIVA PAYMENT SERVICES";;"Praha 7, Hole¹ovice";;;"Dìlnická 213/12";"170 00";;;"09003525";"Èeská republika";"Dìlnická 213/12";"8272 VIVA PAYMENT SERVICES S.A. od¹tìpný závod";"170 00";"83";"000101";"000101"
"8280";"B-Efekt a.s.";"BEFKCZP1";;"Praha 2, Vinohrady";"B-Efekt a.s., Italská 1583/24, Praha 2, Vinohrady, PSÈ 120 00, IÈ 27245888";;"0";"0";"0";"B-Efekt";"B-Efekt";;"Praha 2, Vinohrady";;;"Italská 1583/24";"120 00";;;"27245888";"Èeská republika";"Italská 1583/24";"8280 B-Efekt a.s.";"120 00";"65";"000101";"000101"
"8282";"Beekash Payment Solutions, s.r.o.";;;"Praha 10, Vinohrady";"Beekash Payment Solutions, s.r.o., Korunní 2569/108, Praha 10, Vinohrady, PSÈ 101 00, IÈ 06279619";;"0";"0";"0";"Beekash Payment Solutions";"Beekash Payment Solutions";;"Praha 10, Vinohrady";;;"Korunní 2569/108";"101 00";;;"06279619";"Èeská republika";"Korunní 2569/108";"8282 Beekash Payment Solutions, s.r.o.";"101 00";"81";"000101";"000101"
"8283";"Qpay s.r.o.";"QPSRCZPP";;"Praha 4, Krè";"Qpay s.r.o., Antala Sta¹ka 1859/34, Praha 4, Krè, PSÈ 140 00, IÈ 05259894";;"0";"0";"0";"Qpay";"Qpay";;"Praha 4, Krè";;;"Antala Sta¹ka 1859/34";"140 00";;;"05259894";"Èeská republika";"Antala Sta¹ka 1859/34";"8283 Qpay s.r.o.";"140 00";"82";"000101";"000101"
"8290";"EUROPAY s.r.o.";;;"Praha 2, Nové Mìsto";"EUROPAY s.r.o., ®itná 1578/52,Praha 2, Nové Mìsto 120 00, IÈ 28435206";;"0";"0";"0";"EUROPAY";"EUROPAY";;"Praha 2, Nové Mìsto";;;"®itná 1578/52";"120 00";;;"28435206";"Èeská republika";"®itná 1578/52";"8290 EUROPAY s.r.o.";"120 00";"66";"000101";"000101"
"8291";"Business Credit s.r.o.";;;"Praha 5, Stodùlky";"Business Credit s.r.o., Za Mototechnou 1619, Praha 5, Stodùlky, PSÈ 155 00, IÈ 28081226";;"0";"0";"0";"Business Credit";"Business Credit";;"Praha 5, Stodùlky";;;"Za Mototechnou 1619,";"155 00";;;"28081226";"Èeská republika";"Za Mototechnou 1619,";"8291 Business Credit s.r.o.";"155 00";"69";"000101";"000101"
"8292";"Money Change s.r.o.";;;"Praha 9, Kyje";"Money Change s.r.o., Pelu¹ková 1443, Praha 9, Kyje, PSÈ 198 00, IÈ 27378527";;"0";"0";"0";"Money Change";"Money Change";;"Praha 9, Kyje";;;"Pelu¹ková 1443,";"198 00";;;"27378527";"Èeská republika";"Pelu¹ková 1443,";"8292 Money Change s.r.o.";"198 00";"70";"000101";"000101"
"8293";"Mercurius partners s.r.o.";"MRPSCZPP";;"Praha 2, Nové Mìsto";"Mercurius partners s.r.o., námìstí I. P. Pavlova 1785/3, Praha 2, Nové Mìsto, PSÈ 120 00, IÈ 05513031";;"0";"0";"0";"Mercurius partners";"Mercurius partners";;"Praha 2, Nové Mìsto";;;"námìstí I. P. Pavlova 1785/3";"120 00";;;"05513031";"Èeská republika";"námìstí I. P. Pavlova 1785/3";"8293 Mercurius partners s.r.o.";"120 00";"71";"000101";"000101"
"8294";"GrisPayUnion s.r.o.";;;"Praha 3, ®i¾kov";"GrisPayUnion s.r.o., Konìvova 2660/141, Praha 3, ®i¾kov, PSÈ 130 00, IÈ 06095771";;"0";"0";"0";"GrisPayUnion";"GrisPayUnion";;"Praha 3, ®i¾kov";;;"Konìvova 2660/141";"130 00";;;"06095771";"Èeská republika";"Konìvova 2660/141";"8294 GrisPayUnion s.r.o.";"130 00";"72";"000101";"000101"
"8295";"NOVARED s.r.o.";;;"Praha 10, Vinohrady";"NOVARED s.r.o., Korunní 2569/108, Praha 10, Vinohrady,  PSÈ 101 00, IÈ 06633943";;"0";"0";"0";"NOVARED";"NOVARED";;"Praha 10, Vinohrady";;;"Korunní 2569/108";"101 00";;;"06633943";"Èeská republika";"Korunní 2569/108";"8295 NOVARED s.r.o.";"101 00";"73";"000101";"000101"
"8296";"PaySysEU s.r.o.";;;"Praha 4, Krè";"PaySysEU s.r.o., Budìjovická 635/69, Praha 4, Krè, PSÈ 140 00, IÈ 02953137";;"0";"0";"0";"PaySysEU";"PaySysEU";;"Praha 4, Krè";;;"Budìjovická 635/69";"140 00";;;"02953137";"Èeská republika";"Budìjovická 635/69";"8296 PaySysEU s.r.o.";"140 00";"74";"000101";"000101"
"8297";"EUPSProvider s.r.o.";;;"Praha 1, Nové Mìsto";"EUPSProvider s.r.o., Køemencova 186/7, Praha 1, Nové Mìsto, PSÈ 110 00, IÈ 02226987";;"0";"0";"0";"EUPSProvider";"EUPSProvider";;"Praha 1, Nové Mìsto";;;"Køemencova 186/7";"110 00";;;"02226987";"Èeská republika";"Køemencova 186/7";"8297 EUPSProvider s.r.o.";"110 00";"75";"000101";"000101"
"8298";"Andraste Capital s.r.o.";;;"Praha 1, Nové Mìsto";"Andraste Capital s.r.o., Vodièkova 791/41, Praha 1, Nové Mìsto, PSÈ 110 00, IÈ 28233018";;"0";"0";"0";"Andraste Capital";"Andraste Capital";;"Praha 1, Nové Mìsto";;;"Vodièkova 791/41";"110 00";;;"28233018";"Èeská republika";"Vodièkova 791/41";"8298 Andraste Capital s.r.o.";"110 00";"76";"000101";"000101"
"8500";"Multitude Bank p.l.c.";;"1";;"ST Business Centre, 120, The Strand, Vzira, GZR 1027, Malta";;"0";"0";"0";"Multitude Bank p.l.c.";"Multitude Bank p.l.c.";;;;;;;;;;;;"8500 Multitude Bank p.l.c.";;"84";"000101";"000101"
